날짜,종가,전일비,시가,고가,저가,거래량
2025.11.03,110900,"상승  3,400",106900,111500,106500,26094559
2025.10.31,107500,"상승  3,400",105000,108600,103300,54824564
2025.10.30,104100,"상승  3,600",102400,105800,102000,34570017
2025.10.29,100500,"상승  1,000",100200,101000,99100,20899788
2025.10.28,99500,"하락  2,500",100900,101000,99100,20002282
2025.10.27,102000,"상승  3,200",101300,102000,100600,22169970
2025.10.24,98800,"상승  2,300",97900,99000,97700,18801925
2025.10.23,96500,"하락  2,100",96800,98500,96300,18488581
2025.10.22,98600,"상승  1,100",97100,98600,95500,15937611
2025.10.21,97500,하락  600,98500,99900,97300,22803830
2025.10.20,98100,상승  200,97900,98300,96000,17589756
2025.10.17,97900,상승  200,97200,99100,96700,22730809
2025.10.16,97700,"상승  2,700",95300,97700,95000,28141060
2025.10.15,95000,"상승  3,400",92300,95300,92100,21050111
2025.10.14,91600,"하락  1,700",95300,96000,90200,35545235
2025.10.13,93300,"하락  1,100",91300,93400,90700,23883308
2025.10.10,94400,"상승  5,400",94000,94500,92700,35269748
2025.10.02,89000,"상승  3,000",89300,90300,88700,49883028
2025.10.01,86000,"상승  2,100",84900,86200,84700,22039361
2025.09.30,83900,하락  300,84600,84900,83400,16319061
2025.09.29,84200,상승  900,83300,85000,83200,13069094
2025.09.26,83300,"하락  2,800",85000,85300,82400,24071193
2025.09.25,86100,상승  700,84400,86200,84100,19665151
2025.09.24,85400,상승  700,84200,85500,83700,18300997
2025.09.23,84700,"상승  1,200",85800,85900,83600,23610263
2025.09.22,83500,"상승  3,800",81500,84000,81100,27529656
2025.09.19,79700,하락  800,81100,81200,79600,20898386
2025.09.18,80500,"상승  2,300",79100,80500,78600,25619035
2025.09.17,78200,"하락  1,200",79100,79100,77100,20856317
2025.09.16,79400,"상승  2,900",76900,79500,76700,28218265
2025.09.15,76500,"상승  1,100",77200,77600,75900,19908805
2025.09.12,75400,"상승  2,000",74600,75600,74200,28219678
2025.09.11,73400,상승  800,73200,73600,72100,20793501
2025.09.10,72600,"상승  1,100",71800,72800,71600,21928565
2025.09.09,71500,"상승  1,400",70100,71500,70000,14870245
2025.09.08,70100,상승  600,69800,70500,69600,9263135
2025.09.05,69500,하락  600,70300,70400,69500,11526724
2025.09.04,70100,상승  300,69500,70100,69300,12284414
2025.09.03,69800,상승  700,69200,69800,68800,10283009
2025.09.02,69100,"상승  1,500",67800,69500,67800,10604028
2025.09.01,67600,"하락  2,100",68400,68600,67500,12002343
2025.08.29,69700,상승  100,70100,70500,69700,11682267
2025.08.28,69600,"하락  1,000",70100,70400,69600,11578024
2025.08.27,70600,상승  300,70100,70900,69800,10523405
2025.08.26,70300,"하락  1,200",70800,71100,70300,14712519
2025.08.25,71500,상승  100,71700,71800,71000,10345178
2025.08.22,71400,상승  800,71700,71800,70800,9277432
2025.08.21,70600,상승  100,71500,71900,70600,18843833
2025.08.20,70500,상승  500,70100,70700,69400,17445516
2025.08.19,70000,보합0,70400,70700,69700,10533082
2025.08.18,70000,"하락  1,600",71100,71200,70000,13595591
2025.08.14,71600,하락  300,71900,71900,71200,11946122
2025.08.13,71900,상승  800,71900,72100,71400,12305742
2025.08.12,71100,상승  100,71100,72400,71100,15797656
2025.08.11,71000,하락  800,72000,72100,70800,11354253
2025.08.08,71800,"상승  1,300",71000,72400,70700,22241128
2025.08.07,70500,"상승  1,700",70800,71000,69700,15008213
2025.08.06,68800,"하락  1,100",69200,69400,68300,12542415
2025.08.05,69900,상승  200,71000,71500,69700,14392903
2025.08.04,69700,상승  800,69500,70200,68700,14780072
2025.08.01,68900,"하락  2,500",70200,72000,68800,24038534
2025.07.31,71400,"하락  1,200",73000,74000,71000,26568072
2025.07.30,72600,"상승  2,000",71000,73700,70600,34761444
2025.07.29,70600,상승  200,70800,70800,68800,28190940
2025.07.28,70400,"상승  4,500",68200,70400,67200,35332500
2025.07.25,65900,하락  100,65700,66300,65500,8080910
2025.07.24,66000,하락  400,66500,66800,65900,12660193
2025.07.23,66400,상승  400,66200,66500,64900,15687058
2025.07.22,66000,"하락  1,800",68100,68500,65600,20829006
2025.07.21,67800,상승  700,67400,68800,67200,17723148
2025.07.18,67100,상승  400,67000,67800,66300,23951531
2025.07.17,66700,"상승  2,000",65900,66800,64400,39448683
2025.07.16,64700,"상승  1,000",63700,64700,63100,23042660
2025.07.15,63700,"상승  1,200",62300,63800,62000,18442202
2025.07.14,62500,하락  100,62300,62600,61800,13563846
2025.07.11,62600,"상승  1,600",61300,62800,61200,19140650
2025.07.10,61000,상승  600,60600,61200,60400,14768473
2025.07.09,60400,"하락  1,000",61400,61400,60200,17533415
2025.07.08,61400,하락  300,61600,62400,61000,20213724
2025.07.07,61700,"하락  1,600",62900,63300,61700,17164708
2025.07.04,63300,하락  500,64700,64700,63000,23748959
2025.07.03,63800,"상승  3,000",61300,63800,61100,32040639
2025.07.02,60800,상승  600,60200,60900,59800,15047951
2025.07.01,60200,상승  400,60400,61100,60200,13650991
2025.06.30,59800,"하락  1,000",61200,61200,59800,17110294
2025.06.27,60800,상승  600,60100,61600,60000,17340470
2025.06.26,60200,"하락  1,100",61300,61300,59900,19402300
2025.06.25,61300,상승  800,61500,61600,60300,23933612
2025.06.24,60500,"상승  2,500",59400,60600,59300,23737899
2025.06.23,58000,"하락  1,500",58400,58500,57600,16551694
2025.06.20,59500,상승  300,59400,59800,59100,18072251
2025.06.19,59200,하락  600,60500,60600,59000,16876278
2025.06.18,59800,"상승  1,700",58000,59800,57900,17620705
2025.06.17,58100,상승  900,57800,59800,57400,28637003
2025.06.16,57200,"하락  1,100",58000,58100,56900,22200872
2025.06.13,58300,"하락  1,200",60200,60200,57700,20705979
2025.06.12,59500,하락  400,59700,60000,59300,17755115
2025.06.11,59900,상승  700,59500,60100,59400,13610734
2025.06.10,59200,하락  600,60000,60100,58800,15305760
2025.06.09,59800,상승  700,60400,60400,59500,19609659
2025.06.05,59100,"상승  1,300",58100,59900,57900,23266027
2025.06.04,57800,"상승  1,000",57200,57900,56800,19649983
2025.06.02,56800,상승  600,56300,57300,56200,12870515
2025.05.30,56200,상승  100,56200,57200,55800,26219683
2025.05.29,56100,상승  200,56200,56400,55600,12936810
2025.05.28,55900,"상승  2,000",54300,56100,54200,17516283
2025.05.27,53900,하락  800,54200,54500,53800,13439520
2025.05.26,54700,상승  500,53900,55000,53700,10901337
2025.05.23,54200,하락  500,55000,55200,54100,11247115
2025.05.22,54700,"하락  1,000",55300,55500,54500,15254278
2025.05.21,55700,하락  200,56200,56600,55700,7794181
2025.05.20,55900,상승  100,56200,56700,55700,9080577
2025.05.19,55800,"하락  1,000",56400,56400,55500,9802105
2025.05.16,56800,하락  500,57400,57500,56700,10385352
2025.05.15,57300,하락  100,57400,58600,57100,13139736
2025.05.14,57400,상승  500,57500,57900,57000,12468089
2025.05.13,56900,하락  700,57700,58200,56800,16842801
2025.05.12,57600,"상승  2,800",55200,57600,55000,15414702
2025.05.09,54800,상승  200,54700,55000,54400,7814322
2025.05.08,54600,보합0,55100,55500,54500,16320532
2025.05.07,54600,상승  300,54500,55000,54300,17136991
2025.05.02,54300,"하락  1,200",55000,55500,54200,22454204
2025.04.30,55500,하락  300,55900,56000,55300,13014189
2025.04.29,55800,보합0,55700,56500,55600,10295518
2025.04.28,55800,상승  100,55800,55900,55500,9341518
2025.04.25,55700,보합0,56400,56400,55600,12183303
2025.04.24,55700,보합0,55600,55800,55200,10580377
2025.04.23,55700,상승  700,56000,56100,55500,11148692
2025.04.22,55000,하락  400,54900,55500,54700,9532469
2025.04.21,55400,상승  100,55200,56000,55100,5941847
2025.04.18,55300,상승  200,55300,55600,54900,5848342
2025.04.17,55100,상승  400,54700,55300,54500,10867069
2025.04.16,54700,"하락  1,900",56000,56200,54500,14437025
2025.04.15,56600,상승  400,56300,57100,56200,8998640
2025.04.14,56200,"상승  1,000",56300,56700,55800,12852613
2025.04.11,55200,"하락  1,200",55600,55700,54800,13930480
2025.04.10,56400,"상승  3,400",56600,56700,55000,22948172
2025.04.09,53000,하락  500,53300,54300,52900,20576960
2025.04.08,53500,상승  300,55000,55300,53300,25532845
2025.04.07,53200,"하락  2,900",53300,54100,53100,31998883
2025.04.04,56100,"하락  1,500",56200,58200,55700,23527139
2025.04.03,57600,"하락  1,200",56900,57800,56900,19508076
2025.04.02,58800,보합0,58800,59400,58300,14402297
2025.04.01,58800,"상승  1,000",58700,59600,57900,13841706
2025.03.31,57800,"하락  2,400",59500,59700,57800,17633494
2025.03.28,60200,"하락  1,600",60700,61100,60000,16282514
2025.03.27,61800,상승  400,60900,62000,60800,20389790
2025.03.26,61400,"상승  1,600",59800,61400,59700,16431645
2025.03.25,59800,하락  700,60900,61100,59500,17259455
2025.03.24,60500,"하락  1,200",61200,61600,60500,14088094
2025.03.21,61700,"상승  1,500",60900,61700,60400,40155612
2025.03.20,60200,"상승  1,700",59200,60300,58500,34989004
2025.03.19,58500,상승  900,57400,59200,57400,29421759
2025.03.18,57600,보합0,58800,59000,57300,28138594
2025.03.17,57600,"상승  2,900",55500,57800,55400,35559021
2025.03.14,54700,보합0,54500,55100,54400,10845154
2025.03.13,54700,하락  200,55800,55900,54200,24132151
2025.03.12,54900,"상승  1,300",53800,55300,53600,17973221
2025.03.11,53600,하락  100,52500,54100,52500,17740891
2025.03.10,53700,보합0,53500,54800,53500,12921670
2025.03.07,53700,하락  600,53500,54200,53400,14274992
2025.03.06,54300,상승  300,54100,54500,54000,12258101
2025.03.05,54000,하락  500,55100,55400,54000,16578817
2025.03.04,54500,보합0,53900,55000,53800,18553933
2025.02.28,54500,"하락  1,800",55400,55700,54500,28036698
2025.02.27,56300,하락  300,56500,57100,56200,14975356
2025.02.26,56600,하락  600,57000,57100,56100,18117091
2025.02.25,57200,하락  100,56600,57800,56500,14625181
2025.02.24,57300,하락  900,57300,57700,57200,14138471
2025.02.21,58200,하락  200,58400,58500,57100,22198428
2025.02.20,58400,하락  300,59100,59100,58100,21589059
2025.02.19,58700,"상승  1,800",57400,58900,57300,25395151
2025.02.18,56900,상승  900,56200,57200,55900,22131007
2025.02.17,56000,보합0,56100,56500,55700,11916027
2025.02.14,56000,상승  200,56000,57300,56000,23979779
2025.02.13,55800,보합0,56100,56400,55600,22448377
2025.02.12,55800,상승  100,55100,55900,54500,26428596
2025.02.11,55700,상승  100,55500,56300,55000,24596196
2025.02.10,55600,"상승  1,900",53000,55900,52900,27577591
2025.02.07,53700,하락  300,53900,54200,53600,14476866
2025.02.06,54000,"상승  1,100",53400,54000,53200,16466025
2025.02.05,52900,상승  200,53600,53800,52800,15974885
2025.02.04,52700,"상승  1,700",51600,53600,51500,27214851
2025.02.03,51000,"하락  1,400",51100,51400,50800,32344897
2025.01.31,52400,"하락  1,300",52200,53000,51700,42186279
2025.01.24,53700,보합0,53600,53800,53200,11867631
2025.01.23,53700,하락  600,53700,54100,53500,15588067
2025.01.22,54300,상승  800,53400,54400,53100,18341991
2025.01.21,53500,상승  100,53700,54300,53300,13535702
2025.01.20,53400,하락  300,53600,53900,53300,11822531
2025.01.17,53700,하락  600,53800,54100,53200,18805344
2025.01.16,54300,상승  600,54200,55000,54100,18627298
2025.01.15,53700,하락  200,54100,54700,53500,18625025
2025.01.14,53900,하락  200,54200,54600,53700,17465926
2025.01.13,54100,"하락  1,200",54600,55000,54100,16868600
2025.01.10,55300,하락  800,56100,56500,55200,16059223
2025.01.09,56100,"하락  1,200",57600,57700,56100,24490592
2025.01.08,57300,"상승  1,900",54800,57500,54700,26593553
2025.01.07,55400,하락  500,56800,57300,55400,17030235
2025.01.06,55900,"상승  1,500",54400,56200,54300,19034284
2025.01.03,54400,"상승  1,000",52800,55100,52800,19318046
2025.01.02,53400,상승  200,52700,53600,52300,16630538
2024.12.30,53200,하락  500,53300,54000,53100,12624702
2024.12.27,53700,상승  100,53500,54100,53200,10747196
2024.12.26,53600,하락  800,54500,54600,53500,10517075
2024.12.24,54400,상승  900,53700,54500,53600,11634677
2024.12.23,53500,상승  500,53400,54000,53300,13672650
2024.12.20,53000,하락  100,52700,53100,51900,24674774
2024.12.19,53100,"하락  1,800",53500,53800,53100,22481925
2024.12.18,54900,상승  700,54100,55400,54000,13698937
2024.12.17,54200,"하락  1,400",54700,55200,54000,20215230
2024.12.16,55600,하락  500,56300,56600,55200,15277277
2024.12.13,56100,상승  200,55800,56300,55500,15908823
2024.12.12,55900,"상승  1,900",54000,56500,53900,33476698
2024.12.11,54000,보합0,53600,54200,53400,14565947
2024.12.10,54000,상승  600,54500,54500,53700,20783970
2024.12.09,53400,하락  700,53500,54600,53200,26227680
2024.12.06,54100,상승  400,53900,54400,52700,22861874
2024.12.05,53700,상승  600,53200,54400,53200,23588277
2024.12.04,53100,하락  500,52000,53400,52000,29004766
2024.12.03,53600,보합0,53100,54400,53100,23374603
2024.12.02,53600,하락  600,54300,54400,53100,22044867
2024.11.29,54200,"하락  1,300",55100,55300,53800,24513531
2024.11.28,55500,하락  800,56000,56400,55200,20001134
2024.11.27,56300,"하락  2,000",57700,57800,56000,21808387
2024.11.26,58300,상승  400,57900,58900,57500,23209405
2024.11.25,57900,"상승  1,900",57400,57900,56700,36237325
2024.11.22,56000,하락  400,56000,56700,55900,15281543
2024.11.21,56400,"상승  1,100",54900,56900,54700,19096850
2024.11.20,55300,"하락  1,000",56100,56500,54800,20864667
2024.11.19,56300,하락  400,56500,57500,55900,31539632
2024.11.18,56700,"상승  3,200",57000,57500,55900,48095234
2024.11.15,53500,"상승  3,600",50300,54200,50300,46774485
2024.11.14,49900,하락  700,50200,51800,49900,48510715
2024.11.13,50600,"하락  2,400",52000,53000,50500,52527995
2024.11.12,53000,"하락  2,000",54600,54600,53000,37962881
2024.11.11,55000,"하락  2,000",56700,56800,55000,29811326
2024.11.08,57000,하락  500,58000,58300,57000,13877396
2024.11.07,57500,상승  200,56900,58100,56800,17043102
2024.11.06,57300,하락  300,57600,58000,56300,22092218
2024.11.05,57600,"하락  1,100",57800,58100,57200,17484474
2024.11.04,58700,상승  400,58600,59400,58400,15586947
2024.11.01,58300,하락  900,59000,59600,58100,19083180
2024.10.31,59200,상승  100,58500,61200,58300,35809196
2024.10.30,59100,하락  500,59100,59800,58600,19838511
2024.10.29,59600,"상승  1,500",58000,59600,57300,28369314
2024.10.28,58100,"상승  2,200",55700,58500,55700,27775009
2024.10.25,55900,하락  700,56000,56900,55800,25829315
2024.10.24,56600,"하락  2,500",58200,58500,56600,31499922
2024.10.23,59100,"상승  1,400",57500,60000,57100,27300780
2024.10.22,57700,"하락  1,300",58800,58900,57700,27582527
2024.10.21,59000,하락  200,59000,59600,58500,18514905
2024.10.18,59200,하락  500,59900,60100,59100,14420260
2024.10.17,59700,상승  200,59400,60100,59100,23372873
2024.10.16,59500,"하락  1,500",59400,60000,59200,23303268
2024.10.15,61000,상승  200,61100,61400,60100,22715239
2024.10.14,60800,"상승  1,500",59500,61200,59400,20886249
2024.10.11,59300,상승  400,59100,60100,59000,29623969
2024.10.10,58900,"하락  1,400",60100,60200,58900,45262214
2024.10.08,60300,하락  700,60000,61000,59900,27411786
2024.10.07,61000,상승  400,60200,61900,59500,35066533
2024.10.04,60600,하락  700,61000,61700,60500,24247578
2024.10.02,61300,하락  200,60500,61900,59900,28473536
2024.09.30,61500,"하락  2,700",64200,64300,61500,32694163
2024.09.27,64200,하락  500,64700,65400,64200,28433030
2024.09.26,64700,"상승  2,500",63900,64900,63700,37566015
2024.09.25,62200,"하락  1,000",63800,64200,62200,28652438
2024.09.24,63200,상승  600,62800,63400,62400,26957500
2024.09.23,62600,하락  400,62300,63500,62200,28542376
2024.09.20,63000,하락  100,63800,64700,63000,32746056
2024.09.19,63100,"하락  1,300",64000,64400,62200,49402713
2024.09.13,64400,"하락  1,900",65000,65500,64300,25045135
2024.09.12,66300,"상승  1,400",66000,66600,65200,35884106
2024.09.11,64900,"하락  1,300",65100,65500,64200,35809707
2024.09.10,66200,"하락  1,300",67000,67300,66000,30651376
2024.09.09,67500,"하락  1,400",66900,68200,66600,23263298
2024.09.06,68900,하락  100,69100,69700,68000,19022299
2024.09.05,69000,"하락  1,000",70100,71200,69000,25686769
2024.09.04,70000,"하락  2,500",69800,71100,69800,27366563
2024.09.03,72500,"하락  1,900",74100,74300,72500,16314599
2024.09.02,74400,상승  100,74500,74700,73500,12641376
2024.08.30,74300,상승  300,74400,75000,74100,16358520
2024.08.29,74000,"하락  2,400",73600,74700,73500,16884479
2024.08.28,76400,상승  600,75800,76400,75400,9794514
2024.08.27,75800,하락  300,75700,76500,75600,11130145
2024.08.26,76100,"하락  1,600",78100,78200,76000,15655938
2024.08.23,77700,하락  600,77700,78400,77500,9420306
2024.08.22,78300,보합0,78700,78900,77800,8149101
2024.08.21,78300,하락  600,77900,78600,77800,7805598
2024.08.20,78900,상승  600,79500,79800,78700,10683836
2024.08.19,78300,"하락  1,900",80100,80100,78000,14146565
2024.08.16,80200,"상승  3,000",79400,80200,78700,22061478
2024.08.14,77200,"상승  1,100",77400,77800,77000,13246168
2024.08.13,76100,상승  600,76500,76600,75500,10716261
2024.08.12,75500,상승  800,75200,75900,74800,9839259
2024.08.09,74700,"상승  1,300",75700,75800,74200,16388222
2024.08.08,73400,"하락  1,300",73200,73900,72500,28414729
2024.08.07,74700,"상승  2,200",73000,76000,72800,32710428
2024.08.06,72500,"상승  1,100",74900,75300,72300,47295226
2024.08.05,71400,"하락  8,200",76700,76900,70200,54608790
2024.08.02,79600,"하락  3,500",81000,81400,79500,25800275
2024.08.01,83100,하락  800,86000,86100,83100,20900338
2024.07.31,83900,"상승  2,900",81200,83900,80900,20744323
2024.07.30,81000,하락  200,80400,81000,80000,13169636
2024.07.29,81200,상승  300,81600,82000,81100,12797136
2024.07.26,80900,상승  500,80700,81300,80400,14508334
2024.07.25,80400,"하락  1,600",80400,81000,80100,20323811
2024.07.24,82000,"하락  1,900",82900,83300,81900,16939083
2024.07.23,83900,상승  900,84200,84700,83400,15766389
2024.07.22,83000,"하락  1,400",84400,84900,82600,18987560
2024.07.19,84400,"하락  2,500",85600,86100,84100,18569122
2024.07.18,86900,상승  200,83800,86900,83800,24721790
2024.07.17,86700,"하락  1,000",87100,88000,86400,18186490
2024.07.16,87700,"상승  1,000",86900,88000,86700,16166688
2024.07.15,86700,"상승  2,300",84700,87300,84100,25193080
2024.07.12,84400,"하락  3,200",85900,86100,84100,26344386
2024.07.11,87600,하락  200,88500,88800,86700,24677608
2024.07.10,87800,보합0,87600,88000,87100,17813847
2024.07.09,87800,상승  400,87800,88200,86900,21336201
2024.07.08,87400,상승  300,87900,88600,86900,24035809
2024.07.05,87100,"상승  2,500",85600,87100,85200,45791193
2024.07.04,84600,"상승  2,800",82900,84700,82400,43857229
2024.07.03,81800,보합0,82300,82300,81000,11440328
2024.07.02,81800,보합0,82500,82600,81500,14471904
2024.07.01,81800,상승  300,81500,82100,81300,11317202
2024.06.28,81500,하락  100,81900,81900,80800,9455929
2024.06.27,81600,상승  300,81300,81600,80500,11739720
2024.06.26,81300,상승  500,80100,81400,79900,17783242
2024.06.25,80800,상승  200,80600,81800,80100,19088458
2024.06.24,80600,상승  600,79700,80900,79500,15454227
2024.06.21,80000,"하락  1,600",80700,80800,80000,17907523
2024.06.20,81600,상승  400,81500,82200,81200,20288913
2024.06.19,81200,"상승  1,400",81100,82500,80500,24168863
2024.06.18,79800,"상승  1,700",78700,80200,78600,18207598
2024.06.17,78100,"하락  1,500",79200,79500,78000,16123051
2024.06.14,79600,"상승  1,000",79700,80500,79000,22926612
2024.06.13,78600,"상승  2,100",78400,79000,77800,33763804
2024.06.12,76500,"상승  1,300",75300,77100,75200,19246725
2024.06.11,75200,하락  500,75900,76000,75100,16971175
2024.06.10,75700,"하락  1,600",76100,76600,75600,14598755
2024.06.07,77300,하락  100,78400,78600,77100,21189349
2024.06.05,77400,"상승  2,100",78000,78000,76800,23177968
2024.06.04,75300,하락  400,74900,76100,74900,14098053
2024.06.03,75700,"상승  2,200",74400,76400,74200,15706268
2024.05.31,73500,보합0,74500,74700,73500,26198776
2024.05.30,73500,"하락  1,700",74800,75200,73500,28551273
2024.05.29,75200,"하락  2,400",77700,78200,75200,30244875
2024.05.28,77600,상승  400,76500,78000,76200,18539072
2024.05.27,77200,"상승  1,300",75300,78200,74000,43825202
2024.05.24,75900,"하락  2,400",76800,77000,75700,27891278
2024.05.23,78300,상승  600,77700,79100,77100,18728087
2024.05.22,77700,하락  700,78100,78700,77300,19521506
2024.05.21,78400,하락  500,78500,79000,78200,13690583
2024.05.20,78900,"상승  1,500",78100,79100,77900,19456783
2024.05.17,77400,하락  800,78600,78800,77200,15918201
2024.05.16,78200,하락  100,80200,80300,78100,20989778
2024.05.14,78300,하락  100,78600,78800,77900,11763992
2024.05.13,78400,하락  800,79400,79900,77600,18652344
2024.05.10,79200,하락  500,80400,81100,78900,16976124
2024.05.09,79700,"하락  1,600",81100,81500,79700,18759935
2024.05.08,81300,보합0,80800,81400,80500,13089576
2024.05.07,81300,"상승  3,700",79600,81300,79400,26238868
2024.05.03,77600,하락  400,79000,79000,77500,13151889
2024.05.02,78000,상승  500,77600,78600,77300,18900640
2024.04.30,77500,상승  800,77000,78500,76600,19007007
2024.04.29,76700,보합0,77400,77600,76200,14664474
2024.04.26,76700,상승  400,77800,77900,76500,12755629
2024.04.25,76300,"하락  2,300",77300,77500,76300,15549134
2024.04.24,78600,"상승  3,100",77500,78800,77200,22166150
2024.04.23,75500,하락  600,76400,76800,75500,18717699
2024.04.22,76100,"하락  1,500",77400,77500,75100,30469477
2024.04.19,77600,"하락  2,000",78300,78700,76300,31317563
2024.04.18,79600,상승  700,78800,80100,78300,21370190
2024.04.17,78900,"하락  1,100",80700,80800,78900,22611631
2024.04.16,80000,"하락  2,200",81200,81300,79400,31949845
2024.04.15,82200,"하락  1,500",82900,83200,81200,26663772
2024.04.12,83700,하락  400,84700,84900,83200,17061770
2024.04.11,84100,상승  500,83200,84700,82500,25538009
2024.04.09,83600,하락  900,84500,84900,83100,23725956
2024.04.08,84500,보합0,85200,86000,84500,18953232
2024.04.05,84500,하락  800,84500,85000,83800,18883752
2024.04.04,85300,"상승  1,200",85200,85500,84300,25248934
2024.04.03,84100,하락  900,84300,85000,83500,30493347
2024.04.02,85000,"상승  3,000",82900,85000,82900,37077944
2024.04.01,82000,하락  400,83200,83300,82000,20116513
2024.03.29,82400,"상승  1,600",81200,82500,80900,27126366
2024.03.28,80800,"상승  1,000",79400,81000,79200,25084812
2024.03.27,79800,하락  100,79200,80000,79200,17424595
2024.03.26,79900,"상승  1,700",79700,80100,79200,30551494
2024.03.25,78200,하락  700,79600,79800,77800,18703996
2024.03.22,78900,하락  400,79600,79900,77800,26724761
2024.03.21,79300,"상승  2,400",79200,79300,77700,44569799
2024.03.20,76900,"상승  4,100",73700,77200,73400,50106297
2024.03.19,72800,보합0,72300,73000,71700,15376066
2024.03.18,72800,상승  500,72600,73000,72500,11520348
2024.03.15,72300,"하락  2,000",73400,73700,72300,22580555
2024.03.14,74300,상승  200,74400,74500,73600,22545539
2024.03.13,74100,상승  800,73700,74100,73500,15243134
2024.03.12,73300,상승  900,72600,73500,72100,13011654
2024.03.11,72400,하락  900,72900,73100,72300,9740504
2024.03.08,73300,"상승  1,100",72800,73400,72600,19271349
2024.03.07,72200,하락  700,73100,73300,72200,14516963
2024.03.06,72900,하락  800,73200,73500,72700,21547905
2024.03.05,73700,"하락  1,200",74600,74800,73700,19505125
2024.03.04,74900,"상승  1,500",74300,75000,74000,23210474
2024.02.29,73400,상승  200,72600,73400,72000,21176403
2024.02.28,73200,상승  300,72900,73900,72800,11795859
2024.02.27,72900,상승  100,73100,73400,72700,13201981
2024.02.26,72800,하락  100,72300,73200,72200,14669352
2024.02.23,72900,하락  200,73600,74200,72900,16225166
2024.02.22,73100,상승  100,73800,73900,72700,15208934
2024.02.21,73000,하락  300,73400,73700,72900,11503495
2024.02.20,73300,하락  500,73700,73700,72800,14681477
2024.02.19,73800,"상승  1,000",72800,73900,72800,12726404
2024.02.16,72800,하락  200,73300,73400,72500,13444781
2024.02.15,73000,"하락  1,000",74200,74400,73000,14120600
2024.02.14,74000,"하락  1,200",73700,74300,73700,12434945
2024.02.13,75200,"상승  1,100",74800,75200,74400,21966745
2024.02.08,74100,하락  900,75000,75200,73600,20810708
2024.02.07,75000,상승  600,74600,75500,74300,16566445
2024.02.06,74400,상승  100,74300,74700,73300,14559254
2024.02.05,74300,하락  900,74200,74800,73500,19026021
2024.02.02,75200,"상승  1,600",74000,75200,73700,14955881
2024.02.01,73600,상승  900,73000,74200,72900,19881033
2024.01.31,72700,"하락  1,600",73400,74000,72500,15703560
2024.01.30,74300,하락  100,75000,75300,73700,12244418
2024.01.29,74400,"상승  1,000",73800,75200,73500,13976521
2024.01.26,73400,하락  700,73700,74500,73300,11160062
2024.01.25,74100,상승  100,74200,74800,73700,11737747
2024.01.24,74000,"하락  1,200",75200,75200,73500,12860661
2024.01.23,75200,상승  100,75700,75800,74300,14786224
2024.01.22,75100,상승  400,75900,76000,75000,19673375
2024.01.19,74700,"상승  3,000",73500,74700,73000,23363427
2024.01.18,71700,상승  700,71600,72000,70700,17853397
2024.01.17,71000,"하락  1,600",73100,73300,71000,22683660
2024.01.16,72600,"하락  1,300",73500,73700,72500,14760415
2024.01.15,73900,상승  800,73200,74000,73200,13212339
2024.01.12,73100,하락  100,73000,74100,72800,13038939
2024.01.11,73200,하락  400,72900,73600,72700,57691266
2024.01.10,73600,"하락  1,100",75000,75200,73200,20259529
2024.01.09,74700,"하락  1,800",77400,77700,74300,26019249
2024.01.08,76500,하락  100,77000,77500,76400,11088724
2024.01.05,76600,보합0,76700,77100,76400,11304316
2024.01.04,76600,하락  400,76100,77300,76100,15324439
2024.01.03,77000,"하락  2,600",78500,78800,77000,21753644
2024.01.02,79600,"상승  1,100",78200,79800,78200,17142847
2023.12.28,78500,상승  500,77700,78500,77500,17797536
2023.12.27,78000,"상승  1,400",76700,78000,76500,20651042
2023.12.26,76600,상승  700,76100,76700,75700,13164909
2023.12.22,75900,상승  900,75800,76300,75400,14515608
2023.12.21,75000,상승  200,74600,75000,74300,13478766
2023.12.20,74800,"상승  1,400",74200,74900,73800,16870156
2023.12.19,73400,상승  500,73000,73400,72800,8907632
2023.12.18,72900,하락  400,73300,73400,72800,9690551
2023.12.15,73300,상승  200,73800,74000,73200,15419815
2023.12.14,73100,상승  300,74100,74300,72500,27567593
2023.12.13,72800,하락  700,73300,73500,72800,13116766
2023.12.12,73500,상승  500,73300,73500,73100,13758646
2023.12.11,73000,상승  400,72800,73000,72200,9861960
2023.12.08,72600,"상승  1,100",72100,72800,71900,10859463
2023.12.07,71500,하락  200,71800,71900,71100,8862017
2023.12.06,71700,상승  500,71800,72100,71600,8123087
2023.12.05,71200,"하락  1,400",72300,72400,71200,12129682
2023.12.04,72600,상승  600,72800,72900,72400,10229267
2023.12.01,72000,하락  800,72400,72500,71700,9871284
2023.11.30,72800,상승  100,72700,72800,72200,15783714
2023.11.29,72700,보합0,72400,72800,72200,9283933
2023.11.28,72700,"상승  1,400",71400,72700,71300,13283081
2023.11.27,71300,하락  400,71500,72100,71100,9113857
2023.11.24,71700,하락  700,72400,72600,71700,6676685
2023.11.23,72400,하락  400,73000,73200,72200,6775614
2023.11.22,72800,보합0,72200,73000,71900,11105143
2023.11.21,72800,상승  100,73100,73400,72700,9712881
2023.11.20,72700,상승  200,72100,73000,72100,10610157
2023.11.17,72500,하락  300,72300,73000,72300,11494644
2023.11.16,72800,상승  600,72500,73000,72300,15860451
2023.11.15,72200,"상승  1,400",71600,72200,71500,20148677
2023.11.14,70800,상승  400,71000,71100,70600,9567984
2023.11.13,70400,하락  100,71300,71300,70300,9246919
2023.11.10,70500,상승  200,70000,70500,69500,9684347
2023.11.09,70300,상승  400,69900,70800,69600,12301373
2023.11.08,69900,"하락  1,000",71300,71400,69700,12901310
2023.11.07,70900,보합0,70600,70900,70000,17228731
2023.11.06,70900,"상승  1,300",69800,70900,69300,22228489
2023.11.03,69600,하락  100,69700,70200,69500,10322234
2023.11.02,69700,"상승  1,100",70000,70000,69400,16350031
2023.11.01,68600,"상승  1,700",67500,68900,67300,13775256
2023.10.31,66900,하락  400,67600,68300,66900,14488892
2023.10.30,67300,보합0,66800,67800,66700,10139270
2023.10.27,67300,상승  600,67100,67300,66700,11334726
2023.10.26,66700,"하락  1,300",67000,67900,66700,15517624
2023.10.25,68000,하락  500,68800,68800,67900,10610703
2023.10.24,68500,상승  100,68700,68800,67700,12791710
2023.10.23,68400,하락  400,68700,69100,68200,11625959
2023.10.20,68800,하락  700,68900,69200,68100,15204495
2023.10.19,69500,"하락  1,000",69700,70000,69400,13985012
2023.10.18,70500,"상승  1,100",68900,70500,68800,16493184
2023.10.17,69400,"상승  2,100",67700,69900,67400,17299253
2023.10.16,67300,하락  700,67900,68500,66800,12599299
2023.10.13,68000,하락  900,68000,68500,67700,9724086
2023.10.12,68900,상승  700,68600,69700,68200,19311380
2023.10.11,68200,"상승  1,800",68600,69400,67900,25209349
2023.10.10,66400,상승  400,66200,67600,66200,19889202
2023.10.06,66000,하락  700,67100,67300,66000,14386527
2023.10.05,66700,하락  800,67300,67400,66700,16108313
2023.10.04,67500,하락  900,67400,67700,66700,23361149
2023.09.27,68400,하락  200,68600,69100,68200,14886491
2023.09.26,68600,하락  800,70000,70000,68400,13143470
2023.09.25,69400,상승  600,68500,69700,68500,13582516
2023.09.22,68800,하락  100,68300,68900,68300,9897840
2023.09.21,68900,하락  700,69200,69800,68800,10796336
2023.09.20,69600,하락  200,70000,70300,69500,10873015
2023.09.19,69800,하락  400,70400,70800,69600,11820188
2023.09.18,70200,"하락  1,800",71300,71700,70200,16040727
2023.09.15,72000,상승  300,71700,72300,71400,17823512
2023.09.14,71700,상승  800,71200,71800,70800,21041407
2023.09.13,70900,상승  400,71100,71600,70300,15955797
2023.09.12,70500,하락  300,70800,71000,70400,11688599
2023.09.11,70800,상승  500,70400,70800,70000,11785462
2023.09.08,70300,하락  100,70200,70300,69600,10688118
2023.09.07,70400,상승  400,70000,70600,69600,13741241
2023.09.06,70000,하락  700,70700,70800,69700,11414620
2023.09.05,70700,하락  500,70900,71500,70200,12330239
2023.09.04,71200,상승  200,72900,72900,70700,26286495
2023.09.01,71000,"상승  4,100",66800,71000,66700,29738235
2023.08.31,66900,하락  200,67100,67200,66400,15964630
2023.08.30,67100,상승  300,67300,67700,67100,9181223
2023.08.29,66800,보합0,66900,67200,66600,9114352
2023.08.28,66800,하락  300,66800,67000,66500,5824628
2023.08.25,67100,"하락  1,100",67100,67400,66900,7032462
2023.08.24,68200,"상승  1,100",68300,68700,67900,15044463
2023.08.23,67100,상승  500,66700,67100,66400,9549352
2023.08.22,66600,보합0,67200,67700,66300,10500242
2023.08.21,66600,상승  300,66600,67100,66300,9720067
2023.08.18,66300,하락  400,66000,66700,65800,11745006
2023.08.17,66700,하락  300,66300,66800,66000,10778652
2023.08.16,67000,하락  300,66700,67100,66300,13174578
2023.08.14,67300,하락  200,67500,67900,66900,9352343
2023.08.11,67500,하락  500,68400,68800,67500,9781038
2023.08.10,68000,하락  900,68300,68500,67800,10227311
2023.08.09,68900,"상승  1,300",68000,69600,67900,17259673
2023.08.08,67600,하락  900,69000,69100,67400,14664709
2023.08.07,68500,상승  200,67700,69200,67600,10968505
2023.08.04,68300,하락  500,68800,69100,68200,12360193
2023.08.03,68800,"하락  1,100",69900,70200,68500,20087090
2023.08.02,69900,"하락  1,200",70700,71000,69800,13835020
2023.08.01,71100,"상승  1,300",70100,71200,70000,12299254
2023.07.31,69800,하락  800,70900,71000,69800,13035420
2023.07.28,70600,"하락  1,100",71800,72400,70100,19420683
2023.07.27,71700,"상승  1,900",69900,71700,69300,24261179
2023.07.26,69800,하락  200,69800,70600,68100,30016221
2023.07.25,70000,하락  400,70000,70500,69800,14314945
2023.07.24,70400,상승  100,70100,70900,69900,13418597
2023.07.21,70300,하락  700,70400,70400,69400,16528926
2023.07.20,71000,하락  700,71100,71500,70800,9732730
2023.07.19,71700,하락  300,72700,72800,71300,10896412
2023.07.18,72000,"하락  1,300",73200,73500,72000,11697900
2023.07.17,73300,하락  100,73200,73500,72800,10060049
2023.07.14,73400,"상승  1,500",72500,73400,72400,15882519
2023.07.13,71900,보합0,72400,72600,71900,14417279
2023.07.12,71900,상승  400,71200,72000,71100,10375581
2023.07.11,71500,"상승  2,000",70200,71500,70100,12177392
2023.07.10,69500,하락  400,70000,70400,69200,11713926
2023.07.07,69900,"하락  1,700",71100,71400,69800,17308877
2023.07.06,71600,하락  400,71900,72400,71500,14777667
2023.07.05,72000,"하락  1,000",73000,73300,71900,12310610
2023.07.04,73000,보합0,73400,73600,72900,10214350
2023.07.03,73000,상승  800,72700,73200,72600,10722181
2023.06.30,72200,하락  200,72500,72700,71700,11694765
2023.06.29,72400,하락  300,73100,73400,72400,12229967
2023.06.28,72700,상승  100,72600,72700,72000,8783093
2023.06.27,72600,상승  200,72500,72600,72000,9442997
2023.06.26,72400,상승  800,71700,72500,71500,10541901
2023.06.23,71600,상승  300,72000,72200,71600,12329484
2023.06.22,71300,상승  800,70200,71500,70100,11411007
2023.06.21,70500,하락  900,70700,71200,70400,10626603
2023.06.20,71400,상승  200,70700,71400,70400,11557883
2023.06.19,71200,하락  600,71300,71700,70900,11100887
2023.06.16,71800,상승  300,71800,71900,70900,15373696
2023.06.15,71500,하락  400,72100,72300,71300,13614994
2023.06.14,71900,하락  100,72100,72200,71100,12541046
2023.06.13,72000,"상승  1,000",71700,72200,71600,13227285
2023.06.12,71000,"하락  1,000",72100,72400,70800,12064287
2023.06.09,72000,"상승  1,100",71100,72300,70800,15050209
2023.06.08,70900,하락  100,70400,70900,70000,19165568
2023.06.07,71000,하락  700,71300,71600,70800,14796613
2023.06.05,71700,하락  500,72700,72700,71400,12686829
2023.06.02,72200,"상승  1,300",71700,72200,71600,12161798
2023.06.01,70900,하락  500,70900,71600,70600,14669296
2023.05.31,71400,하락  900,72400,72500,71000,25666087
2023.05.30,72300,"상승  2,000",71300,72300,71200,27476897
2023.05.26,70300,"상승  1,500",69800,70400,69500,19549511
2023.05.25,68800,상승  300,69900,70000,68700,14231160
2023.05.24,68500,상승  100,68100,68700,68000,8192896
2023.05.23,68400,하락  100,68500,68700,68100,8561643
2023.05.22,68500,상승  100,68400,69000,68000,14470308
2023.05.19,68400,"상승  2,200",67800,68400,67500,20349345
2023.05.18,66200,"상승  1,200",66000,66200,65700,14431704
2023.05.17,65000,하락  400,65900,65900,64800,10745504
2023.05.16,65400,상승  900,65800,65900,65300,12334657
2023.05.15,64500,상승  400,64100,64600,63900,8172021
2023.05.12,64100,하락  100,63700,64600,63600,8693913
2023.05.11,64200,하락  400,64700,65100,64200,11648905
2023.05.10,64600,하락  700,65500,65500,64300,13057727
2023.05.09,65300,하락  600,65800,65800,65100,9366861
2023.05.08,65900,상승  800,66300,66300,65400,9405365
2023.05.04,65100,하락  300,65600,65700,64700,9791064
2023.05.03,65400,하락  300,65100,65600,64900,8876749
2023.05.02,65700,상승  200,66000,66300,65100,14396948
2023.04.28,65500,상승  900,65200,65900,65000,19699481
2023.04.27,64600,상승  500,64100,65000,63300,14779601
2023.04.26,64100,상승  500,63600,64300,63300,12664541
2023.04.25,63600,"하락  1,600",65300,65400,63400,16193271
2023.04.24,65200,하락  500,65300,65700,64800,12986581
2023.04.21,65700,상승  400,65800,65900,65400,10538622
2023.04.20,65300,하락  200,65100,65300,64600,9501169
2023.04.19,65500,하락  100,65500,65800,65300,10255985
2023.04.18,65600,상승  300,65900,66000,64800,14802060
2023.04.17,65300,상승  200,65000,65600,64700,13486618
2023.04.14,65100,"하락  1,000",66600,66600,65000,16176490
2023.04.13,66100,상승  100,65600,66100,65400,15091022
2023.04.12,66000,상승  100,65800,66200,65300,15021313
2023.04.11,65900,상승  200,66200,66200,65400,16323183
2023.04.10,65700,상승  700,64800,66300,64700,18777166
2023.04.07,65000,"상승  2,700",63800,65200,63800,27476120
2023.04.06,62300,"하락  1,600",63500,63600,62300,14992747
2023.04.05,63900,상승  300,63700,64000,63400,9176149
2023.04.04,63600,상승  500,63400,63800,62800,11120514
2023.04.03,63100,하락  900,64000,64000,63000,11973133
2023.03.31,64000,상승  800,64000,64000,63700,14094479
2023.03.30,63200,상승  500,63700,63700,63100,15684377
2023.03.29,62700,하락  200,62500,62700,62200,11216008
2023.03.28,62900,상승  800,62400,62900,62100,11614118
2023.03.27,62100,하락  900,62600,62800,62000,11039331
2023.03.24,63000,상승  700,62700,63300,62300,18278602
2023.03.23,62300,"상승  1,200",60600,62300,60600,15381057
2023.03.22,61100,상승  800,61000,61200,60500,8978591
2023.03.21,60300,상승  100,60500,60700,60100,8318514
2023.03.20,60200,"하락  1,100",61100,61200,60200,9618009
2023.03.17,61300,"상승  1,400",60800,61300,60600,14090110
2023.03.16,59900,상승  100,59200,60200,59100,10611939
2023.03.15,59800,상승  800,60000,60300,59600,10482149
2023.03.14,59000,"하락  1,000",59400,59500,59000,12147346
2023.03.13,60000,상승  500,59900,60200,59300,12779724
2023.03.10,59500,하락  600,59500,59700,59100,11902471
2023.03.09,60100,하락  200,60500,60800,59900,14334499
2023.03.08,60300,하락  400,60100,60500,59900,14161857
2023.03.07,60700,하락  800,61400,61400,60700,11473280
2023.03.06,61500,"상승  1,000",61100,61600,60800,13630602
2023.03.03,60500,하락  300,61000,61200,60500,10711405
2023.03.02,60800,상승  200,60900,61800,60500,13095682
2023.02.28,60600,상승  100,60800,61400,60500,13715861
2023.02.27,60500,하락  800,60800,60800,60200,11155697
2023.02.24,61300,하락  700,62300,62600,61300,10308143
2023.02.23,62000,상승  900,61700,62500,61500,13047099
2023.02.22,61100,"하락  1,000",61500,61800,61000,11959088
2023.02.21,62100,하락  600,62700,62800,62000,7665046
2023.02.20,62700,상승  100,62900,63000,61800,12908073
2023.02.17,62600,"하락  1,100",62900,63300,62400,10791265
2023.02.16,63700,"상승  1,500",62500,63700,62400,13798831
2023.02.15,62200,"하락  1,000",63900,63900,62000,13208103
2023.02.14,63200,상승  300,63600,63900,63200,9126664
2023.02.13,62900,상승  100,62900,63000,62300,10730362
2023.02.10,62800,하락  200,62600,63000,62400,9382576
2023.02.09,63000,하락  100,63000,63300,62300,12164865
2023.02.08,63100,"상승  1,200",62800,63300,62400,12243125
2023.02.07,61900,상승  300,61900,62500,61600,14491039
2023.02.06,61600,"하락  2,200",62800,63000,61600,15529356
2023.02.03,63800,상승  300,63900,64000,63000,15194598
2023.02.02,63500,"상승  1,700",63200,63900,62600,23285983
2023.02.01,61800,상승  800,62600,62700,61000,18570133
2023.01.31,61000,"하락  2,300",63500,63700,61000,29746731
2023.01.30,63300,"하락  1,300",64900,64900,63100,20995234
2023.01.27,64600,상승  700,64400,65000,63900,18760182
2023.01.26,63900,상승  500,63800,63900,63300,13278277
2023.01.25,63400,"상승  1,600",63500,63700,63000,16822710
2023.01.20,61800,상승  300,62100,62300,61100,9646327
2023.01.19,61500,"상승  1,100",60500,61500,60400,12808490
2023.01.18,60400,하락  600,60700,61000,59900,11584041
2023.01.17,61000,하락  100,61200,61500,60600,9831456
2023.01.16,61100,상승  300,61300,61600,60800,10039972
2023.01.13,60800,상승  300,60500,61200,60400,12510328
2023.01.12,60500,보합0,61100,61200,59900,16102561
2023.01.11,60500,상승  100,61000,61200,60300,12310751
2023.01.10,60400,하락  300,60200,61100,59900,14859797
2023.01.09,60700,"상승  1,700",59700,60700,59600,18640107
2023.01.06,59000,상승  800,58300,59400,57900,17334989
2023.01.05,58200,상승  400,58200,58800,57600,15682826
2023.01.04,57800,"상승  2,400",55700,58000,55600,20188071
2023.01.03,55400,하락  100,55400,56000,54500,13547030
2023.01.02,55500,상승  200,55500,56100,55200,10031448
2022.12.29,55300,"하락  1,300",56000,56200,55300,11295935
2022.12.28,56600,"하락  1,500",57600,57600,56400,14665410
2022.12.27,58100,상승  200,58000,58400,57900,10667027
2022.12.26,57900,하락  200,58000,58100,57700,6756411
2022.12.23,58100,"하락  1,000",58200,58400,57700,9829407
2022.12.22,59100,"상승  1,100",58100,59100,58100,10720630
2022.12.21,58000,하락  600,58700,59100,58000,10356971
2022.12.20,58600,하락  900,59000,59100,58500,9284761
2022.12.19,59500,보합0,59500,59900,59100,7696187
2022.12.16,59500,상승  200,58300,59500,58300,13033596
2022.12.15,59300,"하락  1,200",59800,60200,59300,8716039
2022.12.14,60500,상승  800,59800,60600,59800,8207485
2022.12.13,59700,상승  200,59600,60300,59400,9040873
2022.12.12,59500,하락  900,59900,60000,59400,9036472
2022.12.09,60400,"상승  1,200",59300,60600,59300,10529632
2022.12.08,59200,상승  300,58700,59200,58600,12986815
2022.12.07,58900,하락  300,58800,59600,58500,12100662
2022.12.06,59200,"하락  1,100",59800,60100,59200,13888300
2022.12.05,60300,하락  100,60900,61100,60000,13767787
2022.12.02,60400,"하락  2,200",62500,62500,60400,15331184
2022.12.01,62600,상승  400,63100,63200,62300,16631445
2022.11.30,62200,"상승  1,600",60400,62200,60200,19768903
2022.11.29,60600,상승  500,59900,60600,59800,7014160
2022.11.28,60100,하락  900,60500,60500,59800,8589032
2022.11.25,61000,하락  400,61400,61700,60800,6677933
2022.11.24,61400,상승  400,61200,61700,60900,8125010
2022.11.23,61000,상승  400,61200,61300,60700,8765050
2022.11.22,60600,하락  800,60900,61200,60300,9411289
2022.11.21,61400,하락  400,61400,61800,60800,9378097
2022.11.18,61800,상승  400,61800,62400,61400,12236503
2022.11.17,61400,"하락  1,300",62000,62000,61300,13298296
2022.11.16,62700,상승  300,62400,62700,61700,12909260
2022.11.15,62400,상승  500,62200,62500,61600,12310986
2022.11.14,61900,"하락  1,000",62900,62900,61700,15973416
2022.11.11,62900,"상승  2,500",63100,63200,62300,20037163
2022.11.10,60400,"하락  1,600",61400,61500,60400,21087633
2022.11.09,62000,상승  200,62000,62200,61300,14045592
2022.11.08,61800,"상승  1,600",60500,61900,60500,18273898
2022.11.07,60200,상승  800,59700,60300,59400,12437246
2022.11.04,59400,상승  200,59100,59500,58400,12445841
2022.11.03,59200,하락  400,58600,59800,58100,17492162
2022.11.02,59600,하락  400,59700,60000,59300,13202919
2022.11.01,60000,상승  600,59900,60300,59500,17201647
2022.10.31,59400,"상승  2,100",58100,59900,58000,18999514
2022.10.28,57300,"하락  2,200",58900,59200,57200,20924937
2022.10.27,59500,상승  100,59700,60100,58900,21756712
2022.10.26,59400,"상승  1,700",58000,59600,57700,20824967
2022.10.25,57700,상승  200,57000,58600,57000,17405678
2022.10.24,57500,"상승  1,600",57000,57500,56700,16944503
2022.10.21,55900,상승  400,55100,56300,55100,11456060
2022.10.20,55500,하락  300,55200,56000,55100,17107653
2022.10.19,55800,하락  700,56700,56900,55700,12660652
2022.10.18,56500,하락  100,56700,57100,55800,14820702
2022.10.17,56600,상승  300,55800,57000,55700,13641878
2022.10.14,56300,"상승  1,100",56200,56500,55800,12924326
2022.10.13,55200,하락  600,55400,56100,55200,13784602
2022.10.12,55800,상승  400,55700,57000,55200,18408910
2022.10.11,55400,하락  800,54400,55700,54000,21437877
2022.10.07,56200,하락  100,55900,56900,55200,16886813
2022.10.06,56300,상승  300,56700,57300,56300,14944446
2022.10.05,56000,상승  800,56900,57200,55400,22458970
2022.10.04,55200,"상승  2,100",55300,55400,54500,19148435
2022.09.30,53100,상승  500,52300,53600,51800,22503249
2022.09.29,52600,하락  300,53300,53700,52600,13882080
2022.09.28,52900,"하락  1,300",53900,54400,52500,19991129
2022.09.27,54200,상승  300,53800,54200,53500,16631289
2022.09.26,53900,하락  600,53700,54200,53600,15008449
2022.09.23,54500,상승  100,54400,54900,54200,10555964
2022.09.22,54400,하락  900,54600,54700,54300,12786510
2022.09.21,55300,하락  500,55400,55500,55000,11863700
2022.09.20,55800,하락  600,56400,57000,55800,14041465
2022.09.19,56400,상승  200,56300,57000,56000,12278653
2022.09.16,56200,상승  200,55600,56400,55500,13456503
2022.09.15,56000,하락  800,57000,57100,56000,11664819
2022.09.14,56800,"하락  1,300",56200,57200,56100,12524961
2022.09.13,58100,"상승  2,500",57000,58500,56800,17166581
2022.09.08,55600,하락  400,56200,56400,55600,18000016
2022.09.07,56000,"하락  1,100",56700,56700,55900,17384854
2022.09.06,57100,보합0,57200,57600,56900,7503086
2022.09.05,57100,하락  400,57400,57800,56800,11425977
2022.09.02,57500,하락  900,58300,58600,57500,15040310
2022.09.01,58400,"하락  1,300",58700,58900,58300,14905777
2022.08.31,59700,상승  900,58200,59900,58200,14203512
2022.08.30,58800,상승  200,58700,59000,58300,9690044
2022.08.29,58600,"하락  1,400",58700,58900,58600,9841329
2022.08.26,60000,상승  300,60300,60900,59900,9499995
2022.08.25,59700,상승  700,59200,59700,59000,5767902
2022.08.24,59000,하락  100,59200,59500,59000,8888486
2022.08.23,59100,하락  900,59000,59600,59000,9041629
2022.08.22,60000,하락  900,60300,60400,59800,8259865
2022.08.19,60900,하락  600,61400,61600,60600,6923679
2022.08.18,61500,"상승  1,100",60300,61900,60000,16372754
2022.08.17,60400,하락  600,61100,61200,60300,9061518
2022.08.16,61000,상승  800,60500,61600,60300,15036727
2022.08.12,60200,상승  300,59500,60700,59400,10786658
2022.08.11,59900,상승  800,59600,60000,59300,15141941
2022.08.10,59100,하락  900,58900,59200,58600,18084349
2022.08.09,60000,하락  800,60600,60700,59600,18251170
2022.08.08,60800,하락  700,61400,61400,60600,11313150
2022.08.05,61500,보합0,61700,61900,61200,9567620
2022.08.04,61500,상승  200,61700,61800,61200,9125439
2022.08.03,61300,하락  400,61600,61600,61000,10053861
2022.08.02,61700,상승  400,61200,61900,61000,13614895
2022.08.01,61300,하락  100,61000,61700,60300,13154816
2022.07.29,61400,하락  500,62400,62600,61300,15093120
2022.07.28,61900,상승  100,62300,62600,61600,10745302
2022.07.27,61800,상승  100,61300,61900,61200,7320997
2022.07.26,61700,상승  600,60800,61900,60800,6597211
2022.07.25,61100,하락  200,60900,61900,60800,9193681
2022.07.22,61300,하락  500,61800,62200,61200,10261310
2022.07.21,61800,"상승  1,300",61100,61900,60700,12291374
2022.07.20,60500,하락  400,61800,62100,60500,16782238
2022.07.19,60900,"하락  1,000",61400,61500,60200,15248261
2022.07.18,61900,"상승  1,900",60600,62000,60500,20832517
2022.07.15,60000,"상승  2,500",58400,60000,58100,18685583
2022.07.14,57500,하락  500,57500,58200,57400,15067012
2022.07.13,58000,하락  100,58300,58600,58000,10841315
2022.07.12,58100,하락  700,58600,58700,58100,9336061
2022.07.11,58800,상승  100,59300,59600,58700,13042624
2022.07.08,58700,상승  500,58600,59300,58200,15339271
2022.07.07,58200,"상승  1,800",56400,58700,56300,21322833
2022.07.06,56400,하락  800,57300,57300,56400,16820461
2022.07.05,57200,상승  100,57600,58200,57200,14216539
2022.07.04,57100,상승  900,56100,57400,55700,17807126
2022.07.01,56200,하락  800,56900,57500,55900,24982097
2022.06.30,57000,"하락  1,000",57200,57600,57000,18915142
2022.06.29,58000,"하락  1,400",58500,58800,58000,14677138
2022.06.28,59400,상승  600,59200,59500,58700,13540538
2022.06.27,58800,상승  400,59000,59900,58300,18122236
2022.06.24,58400,"상승  1,000",57900,59100,57700,23256103
2022.06.23,57400,하락  200,57700,58000,56800,28338608
2022.06.22,57600,하락  900,59000,59100,57600,23334687
2022.06.21,58500,하락  200,58700,59200,58200,25148109
2022.06.20,58700,"하락  1,100",59800,59900,58100,34111306
2022.06.17,59800,"하락  1,100",59400,59900,59400,29053450
2022.06.16,60900,상승  200,61300,61800,60500,23394895
2022.06.15,60700,"하락  1,200",61300,61500,60200,26811224
2022.06.14,61900,하락  200,61200,62200,61100,24606419
2022.06.13,62100,"하락  1,700",62400,62800,62100,22157816
2022.06.10,63800,"하락  1,400",64000,64400,63800,22193552
2022.06.09,65200,하락  100,65100,65200,64500,25790725
2022.06.08,65300,하락  200,65400,65700,65300,12483180
2022.06.07,65500,"하락  1,300",66200,66400,65400,19355755
2022.06.03,66800,상승  100,67200,67300,66800,8222883
2022.06.02,66700,하락  700,66600,67000,66400,14959443
2022.05.31,67400,하락  300,67500,67500,66700,24365002
2022.05.30,67700,"상승  1,200",67500,67800,66900,14255484
2022.05.27,66500,상승  600,66700,66900,66200,11405555
2022.05.26,65900,하락  500,66300,67200,65500,15970890
2022.05.25,66400,하락  100,66700,67100,65900,15150490
2022.05.24,66500,"하락  1,400",67500,67700,66500,15482576
2022.05.23,67900,하락  100,68800,68800,67600,13684088
2022.05.20,68000,상승  500,67800,68400,67700,12109671
2022.05.19,67500,하락  600,66500,67600,66500,17073727
2022.05.18,68100,상승  500,68300,68700,67600,16486319
2022.05.17,67600,"상승  1,300",66600,67900,66600,15680447
2022.05.16,66300,하락  200,67100,67400,66100,11937555
2022.05.13,66500,"상승  1,600",65300,66700,65200,14551536
2022.05.12,64900,하락  800,65200,65500,64900,16414188
2022.05.11,65700,보합0,65500,66300,65200,12330920
2022.05.10,65700,하락  400,65900,66300,65300,17235605
2022.05.09,66100,하락  400,66300,66900,66100,11858736
2022.05.06,66500,"하락  1,400",67000,67100,66500,14356156
2022.05.04,67900,상승  400,68000,68400,67500,11505248
2022.05.03,67500,상승  200,67400,68400,67300,14168875
2022.05.02,67300,하락  100,66600,67600,66500,14106184
2022.04.29,67400,"상승  2,600",65100,67600,65000,26190390
2022.04.28,64800,하락  200,65400,65500,64500,16895527
2022.04.27,65000,"하락  1,100",65400,65500,64900,18122084
2022.04.26,66100,하락  200,66400,66700,66100,12946923
2022.04.25,66300,하락  700,66500,66700,66300,11016474
2022.04.22,67000,하락  700,67200,67300,66700,11791478
2022.04.21,67700,상승  300,67600,68300,67500,12847448
2022.04.20,67400,상승  100,67000,67400,66500,16693293
2022.04.19,67300,상승  600,67100,68000,67000,12959434
2022.04.18,66700,상승  100,66500,67100,66100,10119203
2022.04.15,66600,하락  900,67200,67300,66500,13176415
2022.04.14,67500,"하락  1,200",68700,68700,67500,16409494
2022.04.13,68700,"상승  1,700",67300,69000,67200,17378619
2022.04.12,67000,하락  900,67600,67700,67000,13924389
2022.04.11,67900,상승  100,67800,68100,67400,12263735
2022.04.08,67800,하락  200,68100,68300,67700,15453191
2022.04.07,68000,하락  500,68500,68500,68000,20683327
2022.04.06,68500,하락  700,68600,68800,68500,15517308
2022.04.05,69200,하락  100,69400,69600,69100,8467248
2022.04.04,69300,상승  200,68900,69300,68600,11107905
2022.04.01,69100,하락  500,69500,69500,69000,15916846
2022.03.31,69600,하락  300,69900,70200,69600,12510366
2022.03.30,69900,하락  300,70300,70500,69800,12670187
2022.03.29,70200,상승  500,70000,70300,69800,13686208
2022.03.28,69700,하락  100,69500,69900,69200,12619289
2022.03.25,69800,보합0,70100,70200,69600,12986010
2022.03.24,69800,하락  700,69600,70300,69600,37943357
2022.03.23,70500,상승  200,70600,71200,70300,12398025
2022.03.22,70300,상승  400,69900,70500,69900,9402666
2022.03.21,69900,하락  800,70900,71000,69900,11169002
2022.03.18,70700,하락  500,70600,70900,70200,14410038
2022.03.17,71200,상승  800,71200,71800,70900,17646315
2022.03.16,70400,상승  900,70200,70500,69700,10175750
2022.03.15,69500,하락  700,69800,70100,69500,10258562
2022.03.14,70200,상승  200,70000,70200,69600,9040993
2022.03.11,70000,"하락  1,200",70500,70700,69700,15787655
2022.03.10,71200,"상승  1,700",70800,71200,70500,21159248
2022.03.08,69500,하락  600,68800,70000,68700,15828269
2022.03.07,70100,"하락  1,400",70000,70600,69900,18617138
2022.03.04,71500,"하락  1,400",72700,72700,71200,13409634
2022.03.03,72900,"상승  1,200",72300,73100,72200,13232638
2022.03.02,71700,하락  400,72300,72400,71500,12481430
2022.02.28,72100,상승  200,71100,72100,71000,17781783
2022.02.25,71900,상승  400,72100,72600,71900,13168484
2022.02.24,71500,"하락  1,500",72300,72300,71300,15759283
2022.02.23,73000,하락  400,73800,73800,72800,10397964
2022.02.22,73400,하락  800,73000,73400,72800,11692469
2022.02.21,74200,하락  100,73200,74300,72600,10489717
2022.02.18,74300,하락  700,74600,74800,73700,10122226
2022.02.17,75000,상승  200,75000,75600,74500,13605382
2022.02.16,74800,"상승  1,100",74600,74900,74200,10767386
2022.02.15,73700,보합0,74100,74200,73100,9320365
2022.02.14,73700,"하락  1,200",74400,74500,73100,13993255
2022.02.11,74900,하락  500,75000,75500,74600,12205407
2022.02.10,75400,상승  700,75600,75800,74700,17746033
2022.02.09,74700,"상승  1,200",74300,74700,74000,9699122
2022.02.08,73500,상승  500,73800,74200,73000,11736666
2022.02.07,73000,"하락  1,000",73500,73600,72400,14240838
2022.02.04,74000,상승  700,74300,74600,73400,12730034
2022.02.03,73300,보합0,74900,74900,73300,17744721
2022.01.28,73300,"상승  2,000",71300,73700,71200,21367447
2022.01.27,71300,"하락  2,000",73800,74000,71300,22274777
2022.01.26,73300,하락  700,73900,74400,73100,12976730
2022.01.25,74000,"하락  1,100",74800,75000,73200,17766704
2022.01.24,75100,하락  500,75400,75800,74700,13691134
2022.01.21,75600,하락  900,75800,75800,74700,15774888
2022.01.20,76500,상승  200,76200,76700,75900,9708168
2022.01.19,76300,하락  700,76500,76900,76100,10598290
2022.01.18,77000,하락  500,77600,77800,76600,9592788
2022.01.17,77500,상승  200,77600,77800,76900,8785122
2022.01.14,77300,하락  600,77700,78100,77100,10096725
2022.01.13,77900,"하락  1,000",79300,79300,77900,13889401
2022.01.12,78900,보합0,79500,79600,78600,11000502
2022.01.11,78900,상승  900,78400,79000,78000,13221123
2022.01.10,78000,하락  300,78100,78100,77100,9947422
2022.01.07,78300,"상승  1,400",78100,78400,77400,15163757
2022.01.06,76900,하락  500,76700,77600,76600,12931954
2022.01.05,77400,"하락  1,300",78800,79000,76400,25470640
2022.01.04,78700,상승  100,78800,79200,78300,12427416
2022.01.03,78600,상승  300,79400,79800,78200,13502112
2021.12.30,78300,하락  500,78900,79500,78100,14236700
2021.12.29,78800,"하락  1,500",80200,80200,78500,19794795
2021.12.28,80300,상승  100,80200,80400,79700,18226325
2021.12.27,80200,하락  300,80600,80600,79800,10783368
2021.12.24,80500,상승  600,80200,80800,80200,12086380
2021.12.23,79900,상승  500,79800,80000,79300,13577498
2021.12.22,79400,"상승  1,300",78900,79400,78800,17105892
2021.12.21,78100,"상승  1,000",77900,78300,77500,14245298
2021.12.20,77100,하락  900,77600,77800,76800,11264375
2021.12.17,78000,상승  200,76800,78000,76800,13108479
2021.12.16,77800,상승  200,78500,78500,77400,11996128
2021.12.15,77600,상승  600,76400,77600,76300,9584939
2021.12.14,77000,상승  200,76500,77200,76200,10976660
2021.12.13,76800,하락  100,77200,78300,76500,15038750
2021.12.10,76900,"하락  1,300",77400,77600,76800,9155219
2021.12.09,78200,상승  800,77400,78200,77000,21604528
2021.12.08,77400,보합0,78300,78600,77100,21558340
2021.12.07,77400,"상승  1,100",76100,77700,75600,19232453
2021.12.06,76300,상승  700,75100,76700,74900,16391250
2021.12.03,75600,하락  200,75600,76000,74100,18330240
2021.12.02,75800,"상승  1,400",73900,75800,73800,23652940
2021.12.01,74400,"상승  3,100",72000,74800,71600,21954856
2021.11.30,71300,"하락  1,000",73200,73900,70500,30364841
2021.11.29,72300,보합0,71700,73000,71400,16682559
2021.11.26,72300,"하락  1,400",73500,74100,72000,13002242
2021.11.25,73700,"하락  1,100",75100,75100,73600,12559258
2021.11.24,74800,하락  500,76000,76200,74100,15652305
2021.11.23,75300,상승  400,76000,76000,74500,22029195
2021.11.22,74900,"상승  3,700",73300,75200,73000,27506623
2021.11.19,71200,"상승  1,000",70400,71400,70100,11954728
2021.11.18,70200,하락  500,70700,71000,70200,10144957
2021.11.17,70700,하락  600,71300,71600,70600,11027606
2021.11.16,71300,하락  100,71500,72000,71300,10919239
2021.11.15,71400,상승  800,71700,71900,70900,12420710
2021.11.12,70600,상승  700,70200,70900,69900,10087450
2021.11.11,69900,하락  300,69900,70000,69600,11489122
2021.11.10,70200,하락  300,70300,70900,70200,9422009
2021.11.09,70500,하락  100,70300,71000,70100,11159589
2021.11.08,70600,상승  400,70400,70600,69800,11121981
2021.11.05,70200,하락  400,71600,71600,70200,12667743
2021.11.04,70600,상승  200,71200,71600,70500,11818987
2021.11.03,70400,"하락  1,100",71700,71700,70100,12770428
2021.11.02,71500,"상승  1,600",70800,72200,70700,16812570
2021.11.01,69900,상승  100,70200,70600,69900,11503729
2021.10.29,69800,하락  900,71200,71600,69700,17016151
2021.10.28,70700,상승  600,69500,72200,69500,20644902
2021.10.27,70100,"하락  1,000",71000,71000,70000,10295316
2021.10.26,71100,상승  900,70600,71500,70400,10528252
2021.10.25,70200,하락  200,69900,70600,69500,10029621
2021.10.22,70400,상승  200,70000,70700,70000,8395448
2021.10.21,70200,하락  100,70300,70600,70000,10891094
2021.10.20,70300,하락  300,70700,71000,70200,10151638
2021.10.19,70600,상승  400,70800,71000,70400,9507991
2021.10.18,70200,상승  100,70200,70300,69200,13486391
2021.10.15,70100,상승  700,70200,71000,70000,18051612
2021.10.14,69400,상승  600,69000,69800,68800,19520641
2021.10.13,68800,하락  200,68700,69600,68300,24172015
2021.10.12,69000,"하락  2,500",70700,70900,68700,31001484
2021.10.08,71500,하락  100,72300,72400,71500,14043287
2021.10.07,71600,상승  300,71600,72100,71300,13683532
2021.10.06,71300,하락  900,72600,72800,71200,18956962
2021.10.05,72200,"하락  1,000",73000,73000,71400,24013921
2021.10.01,73200,하락  900,73900,74000,72900,15803395
2021.09.30,74100,보합0,74300,74800,73700,19919361
2021.09.29,74100,"하락  2,200",74800,75300,73800,23992458
2021.09.28,76300,"하락  1,400",77700,77800,76200,15406382
2021.09.27,77700,상승  400,77300,77700,77000,11699798
2021.09.24,77300,하락  100,77600,77700,77100,12247274
2021.09.23,77400,상승  200,77500,77600,76800,17055590
2021.09.17,77200,"상승  1,100",76300,77200,75900,16289502
2021.09.16,76100,하락  900,77300,77400,76100,13067622
2021.09.15,77000,상승  400,77400,77400,76400,12829128
2021.09.14,76600,상승  300,77100,77700,76600,18167057
2021.09.13,76300,"상승  1,000",75200,76300,75100,11397775
2021.09.10,75300,보합0,75300,75600,74800,10103212
2021.09.09,75300,"하락  1,000",76400,76600,75000,17600770
2021.09.08,76300,상승  200,76000,76400,75600,11798147
2021.09.07,76100,"하락  1,200",77100,77100,75900,13239401
2021.09.06,77300,상승  700,76800,77600,76600,12861180
2021.09.03,76600,상승  600,76400,76700,76000,12096419
2021.09.02,76000,하락  800,76800,76800,75700,15347486
2021.09.01,76800,상승  100,76700,77100,75900,16114775
2021.08.31,76700,"상승  2,100",74900,76700,74300,24630370
2021.08.30,74600,상승  300,75400,75500,74200,12686999
2021.08.27,74300,하락  300,74300,75000,73800,15172748
2021.08.26,74600,"하락  1,100",76100,76200,74600,16671494
2021.08.25,75700,상승  100,76200,76600,74900,22319664
2021.08.24,75600,"상승  2,300",73900,75700,73900,21016913
2021.08.23,73300,상승  600,73300,74000,73000,19384648
2021.08.20,72700,하락  400,73500,73900,72500,22364803
2021.08.19,73100,하락  800,73500,74400,73100,22166298
2021.08.18,73900,하락  300,73900,74600,73100,29192631
2021.08.17,74200,하락  200,74000,75100,74000,30944847
2021.08.13,74400,"하락  2,600",75800,76000,74100,61270643
2021.08.12,77000,"하락  1,500",77100,78200,76900,42365223
2021.08.11,78500,"하락  1,700",79600,79800,78500,30241137
2021.08.10,80200,"하락  1,300",82300,82400,80100,20362639
2021.08.09,81500,보합0,81500,82300,80900,15522581
2021.08.06,81500,하락  600,81900,82500,81300,13342623
2021.08.05,82100,하락  800,83300,83300,82000,18485469
2021.08.04,82900,"상승  1,500",82200,83100,81800,25642368
2021.08.03,81400,"상승  2,100",79400,81400,79300,24339360
2021.08.02,79300,상승  800,79200,79500,78700,11739124
2021.07.30,78500,하락  500,78900,78900,78500,13823411
2021.07.29,79000,하락  200,78800,79400,78800,14360453
2021.07.28,79200,상승  700,78300,79200,78100,12743417
2021.07.27,78500,하락  300,79200,79400,78500,11427693
2021.07.26,78800,하락  500,79400,79500,78800,10040975
2021.07.23,79300,하락  400,79700,79900,79200,9098910
2021.07.22,79700,"상승  1,200",79000,79800,78900,12618790
2021.07.21,78500,하락  500,79000,79100,78500,12355296
2021.07.20,79000,보합0,78500,79000,78400,12456646
2021.07.19,79000,하락  800,79100,79200,78800,13155414
2021.07.16,79800,하락  800,80100,80100,79500,10859399
2021.07.15,80600,"상승  1,100",79800,80600,79500,13766279
2021.07.14,79500,하락  300,79400,79600,79100,11575636
2021.07.13,79800,상승  100,80000,80200,79800,9863450
2021.07.12,79700,상승  300,79900,80000,79500,9768108
2021.07.09,79400,하락  500,79600,79800,79000,22720577
2021.07.08,79900,하락  900,81100,81200,79900,16660998
2021.07.07,80800,하락  400,81200,81300,80300,15992202
2021.07.06,81200,상승  800,80600,81200,80500,12131651
2021.07.05,80400,상승  400,80100,80800,80000,8330969
2021.07.02,80000,하락  100,80000,80400,79900,8753097
2021.07.01,80100,하락  600,80500,80600,80000,13382882
2021.06.30,80700,하락  300,81100,81400,80700,13288643
2021.06.29,81000,하락  900,81900,82100,80800,15744317
2021.06.28,81900,상승  300,81700,82000,81600,11578529
2021.06.25,81600,상승  400,81500,81900,81200,13481405
2021.06.24,81200,"상승  1,100",80400,81400,80100,18771080
2021.06.23,80100,상승  100,80500,80600,79900,13856548
2021.06.22,80000,상승  100,80200,80300,79900,11773365
2021.06.21,79900,하락  600,79700,80000,79600,16063340
2021.06.18,80500,하락  400,81100,81100,80500,14916721
2021.06.17,80900,하락  900,81100,81300,80700,14007385
2021.06.16,81800,상승  900,81500,81900,81100,14999855
2021.06.15,80900,상승  400,80900,81200,80600,10075685
2021.06.14,80500,하락  500,80800,80900,80500,10550078
2021.06.11,81000,보합0,81200,81700,80700,14087962
2021.06.10,81000,하락  100,81300,81400,80900,17586995
2021.06.09,81100,하락  800,81500,82000,81100,14908823
2021.06.08,81900,보합0,82300,82600,81800,12781226
2021.06.07,81900,하락  300,82700,82800,81600,16496197
2021.06.04,82200,하락  600,82700,82700,81500,18112259
2021.06.03,82800,"상승  2,000",81300,83000,81100,29546007
2021.06.02,80800,상승  200,80400,81400,80300,16414644
2021.06.01,80600,상승  100,80500,81300,80100,14058401
2021.05.31,80500,상승  400,80300,80600,79600,13321324
2021.05.28,80100,상승  500,79800,80400,79400,12360199
2021.05.27,79600,하락  200,80000,80000,79100,23198510
2021.05.26,79800,하락  100,80400,80500,79700,11984359
2021.05.25,79900,상승  200,80000,80400,79800,13628942
2021.05.24,79700,하락  400,80100,80400,79500,13398666
2021.05.21,80100,상승  600,80100,81500,79800,20961714
2021.05.20,79500,하락  100,79400,79700,79100,16541828
2021.05.18,79600,보합0,79600,80000,79100,17494407
2021.05.17,79600,하락  500,80800,80900,79200,17740855
2021.05.14,80100,"상승  1,600",79000,80300,78900,16450920
2021.05.13,78500,"하락  1,500",78900,79600,78400,31490096
2021.05.12,80000,"하락  1,200",80800,81200,79800,35812268
2021.05.11,81200,"하락  2,000",82500,82600,81100,28996680
2021.05.10,83200,"상승  1,300",82300,83500,81800,19385027
2021.05.07,81900,하락  400,81800,82100,81500,14154882
2021.05.06,82300,하락  300,81700,82300,81700,17047511
2021.05.04,82600,상승  900,81900,82600,81800,12532550
2021.05.03,81700,상승  200,81000,82400,81000,15710336
2021.04.30,81500,하락  200,81900,82100,81500,18673197
2021.04.29,81700,하락  400,82400,82500,81500,20000973
2021.04.28,82100,하락  800,83200,83200,82100,15596759
2021.04.27,82900,하락  600,83200,83300,82500,12941533
2021.04.26,83500,상승  700,82900,83500,82600,15489938
2021.04.23,82800,상승  400,81900,82900,81600,17805080
2021.04.22,82400,하락  200,82900,83000,82400,13934746
2021.04.21,82600,"하락  1,300",83300,83500,82500,21636079
2021.04.20,83900,상승  600,83300,84000,83100,15521965
2021.04.19,83300,하락  600,83800,84000,83300,15287311
2021.04.16,83900,하락  200,84700,84700,83600,15429522
2021.04.15,84100,상승  100,83700,84500,83400,16377412
2021.04.14,84000,보합0,84000,84300,83400,13794652
2021.04.13,84000,상승  800,83000,84500,82800,15238206
2021.04.12,83200,하락  400,84100,84100,83100,12915282
2021.04.09,83600,"하락  1,100",84700,84900,83400,18193707
2021.04.08,84700,하락  900,85700,85700,84100,19244259
2021.04.07,85600,하락  400,86100,86200,85400,17885538
2021.04.06,86000,상승  600,86200,86200,85100,19042023
2021.04.05,85400,상승  600,85800,86000,84800,16255990
2021.04.02,84800,"상승  1,900",84000,85200,83900,22997538
2021.04.01,82900,"상승  1,500",82500,83000,82000,18676461
2021.03.31,81400,하락  800,82400,82700,81400,17240518
2021.03.30,82200,상승  600,81600,82300,81300,13121698
2021.03.29,81600,상승  100,81700,81700,81000,14952134
2021.03.26,81500,상승  300,81400,81600,81000,12845778
2021.03.25,81200,상승  200,81000,82100,80800,14758826
2021.03.24,81000,하락  800,81000,81600,80700,17926638
2021.03.23,81800,하락  200,82600,82900,81800,13299907
2021.03.22,82000,상승  100,82000,82300,81700,12670506
2021.03.19,81900,"하락  1,000",82100,82500,81800,15869700
2021.03.18,82900,상승  600,82800,83800,82600,18585244
2021.03.17,82300,하락  500,82800,82900,82000,11625146
2021.03.16,82800,"상승  1,000",82200,83000,82100,12293537
2021.03.15,81800,"하락  1,000",82800,82900,81800,13735798
2021.03.12,82800,상승  800,83100,83500,82400,13530573
2021.03.11,82000,"상승  1,100",81000,82500,81000,23818297
2021.03.10,80900,하락  500,82400,82500,80700,20038422
2021.03.09,81400,하락  600,81400,81900,80600,25420764
2021.03.08,82000,하락  100,82900,83000,81600,17641256
2021.03.05,82100,하락  300,81100,82600,81100,20508971
2021.03.04,82400,"하락  1,600",82600,83200,82200,24348331
2021.03.03,84000,상승  400,83500,84000,82800,19882132
2021.03.02,83600,"상승  1,100",85100,85300,83000,33498180
2021.02.26,82500,"하락  2,800",82800,83400,82000,38520800
2021.02.25,85300,"상승  3,300",84000,85400,83000,34155986
2021.02.24,82000,보합0,81800,83600,81300,26807651
2021.02.23,82000,하락  200,81200,82900,81100,20587314
2021.02.22,82200,하락  400,83800,84200,82200,25419886
2021.02.19,82600,상승  500,82300,82800,81000,25880879
2021.02.18,82100,"하락  1,100",83200,83600,82100,21327683
2021.02.17,83200,"하락  1,700",83900,84200,83000,18307735
2021.02.16,84900,상승  700,84500,86000,84200,20483100
2021.02.15,84200,"상승  2,600",83800,84500,83300,23529706
2021.02.10,81600,"하락  1,100",82600,82600,81600,23025766
2021.02.09,82700,하락  300,84000,84800,82700,20898332
2021.02.08,83000,하락  500,83800,84200,83000,15338765
2021.02.05,83500,"상승  1,000",83100,84000,82500,18036835
2021.02.04,82500,"하락  2,100",83500,83800,82100,24171688
2021.02.03,84600,상승  200,84800,85400,83400,22112205
2021.02.02,84400,"상승  1,400",84100,86400,83700,26302077
2021.02.01,83000,"상승  1,000",81700,83400,81000,28046832
2021.01.29,82000,"하락  1,700",84500,85000,82000,39615978
2021.01.28,83700,"하락  1,900",83200,85600,83200,31859808
2021.01.27,85600,"하락  1,100",86600,87700,85600,26423070
2021.01.26,86700,"하락  2,700",88800,89200,86500,33178936
2021.01.25,89400,"상승  2,600",87000,89900,86300,27258534
2021.01.22,86800,"하락  1,300",89000,89700,86800,30861661
2021.01.21,88100,상승  900,87500,88600,86500,25318011
2021.01.20,87200,상승  200,89000,89000,86500,25211127
2021.01.19,87000,"상승  2,000",84500,88000,83600,39895044
2021.01.18,85000,"하락  3,000",86600,87300,84100,43227951
2021.01.15,88000,"하락  1,700",89800,91800,88000,33431809
2021.01.14,89700,보합0,88700,90000,88700,26393970
2021.01.13,89700,하락  900,89800,91200,89100,36068848
2021.01.12,90600,하락  400,90300,91400,87800,48682416
2021.01.11,91000,"상승  2,200",90000,96800,89500,90306177
2021.01.08,88800,"상승  5,900",83300,90000,83000,59013307
2021.01.07,82900,상승  700,82800,84200,82700,32644642
2021.01.06,82200,"하락  1,700",83300,84500,82100,42089013
2021.01.05,83900,상승  900,81600,83900,81600,35335669
2021.01.04,83000,"상승  2,000",81000,84400,80200,38655276
2020.12.30,81000,"상승  2,700",77400,81300,77300,29417421
2020.12.29,78300,하락  400,78800,78900,77300,30339449
2020.12.28,78700,상승  900,79000,80100,78200,40085044
2020.12.24,77800,"상승  3,900",74100,78800,74000,32502870
2020.12.23,73900,"상승  1,600",72400,74000,72300,19411326
2020.12.22,72300,하락  700,72500,73200,72100,16304910
2020.12.21,73000,보합0,73100,73400,72000,20367355
2020.12.18,73000,하락  300,73300,73700,73000,17613029
2020.12.17,73300,하락  500,73400,73700,72600,24293214
2020.12.16,73800,보합0,74100,74500,73400,17512081
2020.12.15,73800,보합0,73800,74100,73300,20863671
2020.12.14,73800,상승  400,73600,74500,73200,21510415
2020.12.11,73400,상승  500,73500,73800,73100,18486672
2020.12.10,72900,"하락  1,000",72700,73800,72500,39882928
2020.12.09,73900,"상승  2,200",72100,73900,72000,24077996
2020.12.08,71700,"하락  1,200",72200,72900,71600,25000338
2020.12.07,72900,"상승  1,400",72400,73500,71900,28490496
2020.12.04,71500,"상승  1,800",70400,72100,70100,28130533
2020.12.03,69700,상승  200,70100,70500,69300,23677989
2020.12.02,69500,"상승  1,700",68400,69900,68300,29703942
2020.12.01,67800,"상승  1,100",67100,68300,67100,22327173
2020.11.30,66700,"하락  1,500",68400,68600,66700,43811016
2020.11.27,68200,상승  200,68000,68400,67600,14063434
2020.11.26,68000,"상승  1,400",66100,68000,66000,19023323
2020.11.25,66600,"하락  1,100",67900,68300,66500,32447065
2020.11.24,67700,상승  200,67900,69500,67000,32158235
2020.11.23,67500,"상승  2,800",64800,67800,64700,27134398
2020.11.20,64700,상승  100,63900,65200,63900,15068682
2020.11.19,64600,하락  200,64100,64800,63900,16590290
2020.11.18,64800,하락  900,65700,66200,64700,22963790
2020.11.17,65700,하락  600,67000,67000,65600,30204089
2020.11.16,66300,"상승  3,100",64000,66700,63900,36354334
2020.11.13,63200,"상승  2,200",61300,63200,61000,31508829
2020.11.12,61000,하락  300,61000,61400,60700,19800573
2020.11.11,61300,"상승  1,100",60700,61400,60400,25628510
2020.11.10,60200,보합0,60500,60500,59500,19073552
2020.11.09,60200,상승  100,60700,60900,60100,15892961
2020.11.06,60100,하락  200,60700,60800,59600,16910230
2020.11.05,60300,"상승  1,800",59000,60300,58800,20639475
2020.11.04,58500,하락  300,58900,59000,57800,21718561
2020.11.03,58800,"상승  1,400",57900,58900,57600,14950919
2020.11.02,57400,상승  800,56400,57500,56000,20489076
2020.10.30,56600,"하락  1,500",58000,58000,56600,26907844
2020.10.29,58100,하락  900,58200,58500,57500,22636966
2020.10.28,59000,하락  800,59400,59400,58800,14428882
2020.10.27,59800,하락  600,60300,60300,59500,17260416
2020.10.26,60400,상승  200,60400,61100,60100,13268226
2020.10.23,60200,상승  100,60400,60400,59800,9322232
2020.10.22,60100,하락  800,60300,60500,59800,14294095
2020.10.21,60900,보합0,61200,61500,60600,15703443
2020.10.20,60900,상승  900,60300,60900,60100,19326115
2020.10.19,60000,상승  500,59600,60200,59500,14474985
2020.10.16,59500,하락  500,60000,60400,59000,16554190
2020.10.15,60000,하락  900,60700,60800,59700,17756232
2020.10.14,60900,보합0,61000,61100,60500,16086716
2020.10.13,60900,상승  500,61000,61400,60400,19247631
2020.10.12,60400,상승  700,60000,60400,59900,16145837
2020.10.08,59700,하락  200,60500,60700,59500,24589924
2020.10.07,59900,상승  900,58700,59900,58500,14861838
2020.10.06,59000,상승  300,59400,59900,58700,14463826
2020.10.05,58700,상승  500,57500,59200,57500,20228289
2020.09.29,58200,보합0,58300,59000,58200,15503563
2020.09.28,58200,상승  300,58300,58800,57900,12614080
2020.09.25,57900,상승  100,57700,58200,57700,11444683
2020.09.24,57800,하락  800,57700,58600,57600,17564020
2020.09.23,58600,상승  400,58400,58800,57400,20111398
2020.09.22,58200,"하락  1,000",59100,59700,57800,20830381
2020.09.21,59200,하락  100,59100,60000,59000,15140387
2020.09.18,59300,하락  200,59800,59900,59100,18884571
2020.09.17,59500,"하락  1,500",60700,60800,59300,25108356
2020.09.16,61000,보합0,61100,61300,60600,17041444
2020.09.15,61000,상승  600,60900,61000,60500,17877075
2020.09.14,60400,"상승  1,400",60200,60800,59900,20648281
2020.09.11,59000,하락  200,59300,59400,58200,16017098
2020.09.10,59200,상승  800,59900,60000,59100,29923293
2020.09.09,58400,하락  300,58200,59300,57800,30597399
2020.09.08,58700,"상승  2,200",57400,58700,57200,31517520
2020.09.07,56500,상승  900,56100,57300,55800,18685880
2020.09.04,55600,하락  800,55200,55800,55100,22139109
2020.09.03,56400,"상승  2,000",55600,56700,55500,28384920
2020.09.02,54400,상승  200,54600,55100,54100,16905723
2020.09.01,54200,상승  200,54100,54800,54100,19363117
2020.08.31,54000,"하락  1,400",56000,56100,54000,32671367
2020.08.28,55400,하락  200,56100,56300,55400,14619888
2020.08.27,55600,하락  800,56300,56300,55600,16196568
2020.08.26,56400,보합0,56400,56500,55700,17651593
2020.08.25,56400,상승  300,56400,56800,56100,14021705
2020.08.24,56100,상승  200,55800,56600,55400,15055896
2020.08.21,55900,상승  500,56200,56900,55800,21142288
2020.08.20,55400,"하락  2,400",57600,57600,55300,30386029
2020.08.19,57800,하락  600,59000,59200,57800,16930719
2020.08.18,58400,상승  400,58900,59900,58000,25307825
2020.08.14,58000,하락  700,58000,58400,57700,15672548
2020.08.13,58700,하락  300,59400,59600,58000,22089460
2020.08.12,59000,상승  800,58200,59000,57700,18573934
2020.08.11,58200,상승  400,58000,59500,57800,24907912
2020.08.10,57800,상승  300,57600,58300,57500,17774291
2020.08.07,57500,하락  500,57900,58400,57100,18751717
2020.08.06,58000,"상승  1,100",57100,58400,57100,21625874
2020.08.05,56900,하락  400,57300,57500,56300,17739706
2020.08.04,57300,상승  500,57200,58100,57000,19419694
2020.08.03,56800,"하락  1,100",57800,57900,56700,21158940
2020.07.31,57900,"하락  1,100",59500,59600,57700,21943345
2020.07.30,59000,보합0,59700,60100,59000,19285354
2020.07.29,59000,상승  400,60300,60400,58600,36476611
2020.07.28,58600,"상승  3,000",57000,58800,56400,48431566
2020.07.27,55600,"상승  1,400",54300,55700,54300,21054421
2020.07.24,54200,상승  100,54000,54400,53700,10994535
2020.07.23,54100,하락  600,54700,54700,53800,16214932
2020.07.22,54700,하락  600,55300,55500,54700,12885057
2020.07.21,55300,"상승  1,100",55200,55400,54800,18297260
2020.07.20,54200,하락  200,54800,54800,54000,10507530
2020.07.17,54400,상승  600,54200,54700,54100,10096174
2020.07.16,53800,하락  900,54800,54800,53800,16779127
2020.07.15,54700,상승  900,54400,55000,54300,24051450
2020.07.14,53800,상승  400,53700,53800,53200,14269484
2020.07.13,53400,상승  700,53300,53800,53100,12240188
2020.07.10,52700,하락  100,53100,53200,52300,13714746
2020.07.09,52800,하락  200,53200,53600,52800,17054850
2020.07.08,53000,하락  400,53600,53900,52900,19664652
2020.07.07,53400,"하락  1,600",55800,55900,53400,30760032
2020.07.06,55000,"상승  1,400",54000,55000,53800,19856623
2020.07.03,53600,상승  700,53000,53600,52700,11887868
2020.07.02,52900,상승  300,52100,52900,52100,14142583
2020.07.01,52600,하락  200,53400,53600,52400,16706143
2020.06.30,52800,상승  400,53900,53900,52800,21157172
2020.06.29,52400,하락  900,52500,53200,52000,17776925
2020.06.26,53300,"상승  1,400",52800,53900,52200,21575360
2020.06.25,51900,"하락  1,000",52100,53000,51900,18541624
2020.06.24,52900,"상승  1,500",51900,53900,51600,24519552
2020.06.23,51400,하락  600,52500,52800,51100,18086152
2020.06.22,52000,하락  900,52000,52600,51800,13801350
2020.06.19,52900,상승  600,52600,52900,51600,18157985
2020.06.18,52300,상승  100,52200,52300,51600,15982926
2020.06.17,52200,상승  100,52100,52900,51300,26672595
2020.06.16,52100,"상승  2,200",51200,52100,50600,21808375
2020.06.15,49900,"하락  2,400",51400,52000,49900,28772921
2020.06.12,52300,"하락  2,000",52100,52800,51500,26976019
2020.06.11,54300,"하락  1,100",54500,55100,53200,33815123
2020.06.10,55400,하락  100,55100,55900,54900,16742493
2020.06.09,55500,상승  600,55800,56500,54400,23998831
2020.06.08,54900,하락  600,56400,56500,54700,25634965
2020.06.05,55500,상승  900,54400,55900,54000,22743629
2020.06.04,54600,상승  100,55800,57000,54600,40220334
2020.06.03,54500,"상승  3,100",51800,55000,51700,49257814
2020.06.02,51400,상승  200,51000,51500,50800,14247933
2020.06.01,51200,상승  500,50800,51200,50600,16949183
2020.05.29,50700,상승  300,50000,50700,49700,27596961
2020.05.28,50400,상승  500,51100,51200,49900,31309318
2020.05.27,49900,상승  650,48950,50000,48800,19548479
2020.05.26,49250,상승  400,48700,49450,48600,15127490
2020.05.25,48850,상승  100,48750,48900,48450,14337913
2020.05.22,48750,"하락  1,200",49600,49800,48600,19706284
2020.05.21,49950,하락  50,50300,50400,49850,14949266
2020.05.20,50000,하락  300,50000,50200,49800,14896899
2020.05.19,50300,"상승  1,500",50100,50500,49700,25168295
2020.05.18,48800,상승  950,47950,49100,47600,20481981
2020.05.15,47850,하락  150,48400,48450,47700,18463118
2020.05.14,48000,하락  550,47750,48100,47650,19305974
2020.05.13,48550,상승  650,47250,48550,47200,20223277
2020.05.12,47900,하락  500,48400,48500,47550,23433590
2020.05.11,48400,하락  400,48900,49250,48300,16357743
2020.05.08,48800,보합0,49100,49350,48800,15319700
2020.05.07,48800,하락  400,49200,49300,48700,13884411
2020.05.06,49200,상승  700,49000,49200,48500,18070225
2020.05.04,48500,"하락  1,500",48900,49100,48500,26083749
2020.04.29,50000,하락  100,49900,50500,49600,15604533
2020.04.28,50100,상승  250,49850,50100,49300,16095399
2020.04.27,49850,상승  500,49350,50000,49100,14049471
2020.04.24,49350,하락  500,49650,49750,49000,15618347
2020.04.23,49850,보합0,50200,50300,49500,18754442
2020.04.22,49850,상승  600,48700,50000,48350,18613864
2020.04.21,49250,하락  850,49400,49700,48700,27407543
2020.04.20,50100,"하락  1,300",51400,51400,50000,21866354
2020.04.17,51400,"상승  2,400",50800,52000,50300,32041675
2020.04.16,49000,보합0,49350,49350,48550,23349760
2020.04.14,49000,상승  700,48800,49200,48300,14206216
2020.04.13,48300,하락  950,48650,48900,48300,14431800
2020.04.10,49250,상승  150,48950,49250,48650,17839111
2020.04.09,49100,상승  500,49750,49800,48700,22628058
2020.04.08,48600,"하락  1,000",49600,49750,48600,25010314
2020.04.07,49600,상승  900,49650,50200,49000,31524034
2020.04.06,48700,"상승  1,700",47500,48800,47250,23395726
2020.04.03,47000,상승  200,47400,47600,46550,22784682
2020.04.02,46800,"상승  1,000",46200,46850,45350,21621076
2020.04.01,45800,"하락  1,950",47450,47900,45800,27259532
2020.03.31,47750,하락  100,48000,48500,47150,30654261
2020.03.30,47850,하락  450,47050,48350,46550,26797395
2020.03.27,48300,상승  500,49600,49700,46850,39896178
2020.03.26,47800,하락  850,49000,49300,47700,42185129
2020.03.25,48650,"상승  1,700",48950,49600,47150,52735922
2020.03.24,46950,"상승  4,450",43850,46950,43050,49801908
2020.03.23,42500,"하락  2,900",42600,43550,42400,41701626
2020.03.20,45400,"상승  2,450",44150,45500,43550,49730008
2020.03.19,42950,"하락  2,650",46400,46650,42300,56925513
2020.03.18,45600,"하락  1,700",47750,48350,45600,40152623
2020.03.17,47300,"하락  1,600",46900,49650,46700,51218151
2020.03.16,48900,"하락  1,050",50100,50900,48800,33339821
2020.03.13,49950,하락  850,47450,51600,46850,59462933
2020.03.12,50800,"하락  1,300",51000,51900,49300,48149999
2020.03.11,52100,"하락  2,500",54300,54400,52000,45707281
2020.03.10,54600,상승  400,53800,54900,53700,32106554
2020.03.09,54200,"하락  2,300",54700,55000,53600,30261485
2020.03.06,56500,"하락  1,300",56500,57200,56200,18716656
2020.03.05,57800,상승  400,57600,58000,56700,21698990
2020.03.04,57400,"상승  2,000",54800,57600,54600,24765728
2020.03.03,55400,상승  400,56700,56900,55100,30330295
2020.03.02,55000,상승  800,54300,55500,53600,30403412
2020.02.28,54200,"하락  1,700",55000,55500,54200,30054227
2020.02.27,55900,하락  600,56300,56900,55500,23209541
2020.02.26,56500,"하락  1,400",56000,57000,56000,25483102
2020.02.25,57900,"상승  1,100",56200,58000,56200,23885408
2020.02.24,56800,"하락  2,400",57400,58100,56800,25627537
2020.02.21,59200,하락  800,58800,59800,58500,13777393
2020.02.20,60000,하락  200,60700,61300,59600,14591924
2020.02.19,60200,상승  400,59800,60400,59400,12951496
2020.02.18,59800,"하락  1,700",60800,60900,59700,16674266
2020.02.17,61500,하락  300,61600,62000,61200,8740596
2020.02.14,61800,"상승  1,100",60900,61900,60200,13276067
2020.02.13,60700,상승  200,61200,61600,60500,18449775
2020.02.12,60500,상승  600,60300,60700,59700,12904207
2020.02.11,59900,상승  200,59800,60700,59700,11071231
2020.02.10,59700,하락  700,59200,59800,59100,13107121
2020.02.07,60400,하락  700,61100,61200,59700,16402493
2020.02.06,61100,"상승  1,600",60100,61100,59700,14727159
2020.02.05,59500,상승  600,60000,60200,58900,19278165
2020.02.04,58900,"상승  1,700",57100,59000,56800,21800192
2020.02.03,57200,상승  800,55500,57400,55200,23995260
2020.01.31,56400,하락  800,57800,58400,56400,19749457
2020.01.30,57200,"하락  1,900",58800,58800,56800,20821939
2020.01.29,59100,상승  300,59100,59700,58800,16446102
2020.01.28,58800,"하락  2,000",59400,59400,58300,23664541
2020.01.23,60800,"하락  1,500",61800,61800,60700,14916555
2020.01.22,62300,상승  900,60500,62600,60400,15339565
2020.01.21,61400,"하락  1,000",62000,62400,61200,11142693
2020.01.20,62400,"상승  1,100",62000,62800,61700,12528855
2020.01.17,61300,상승  600,61900,62000,61000,16025661
2020.01.16,60700,"상승  1,700",59100,60700,59000,14381774
2020.01.15,59000,"하락  1,000",59500,59600,58900,14300928
2020.01.14,60000,보합0,60400,61000,59900,16906295
2020.01.13,60000,상승  500,59600,60000,59100,11359139
2020.01.10,59500,상승  900,58800,59700,58300,16000170
2020.01.09,58600,"상승  1,800",58400,58600,57400,24102579
2020.01.08,56800,"상승  1,000",56200,57400,55900,23501171
2020.01.07,55800,상승  300,55700,56400,55600,10009778
2020.01.06,55500,보합0,54900,55600,54600,10278951
2020.01.03,55500,상승  300,56000,56600,54900,15422255
2020.01.02,55200,하락  600,55500,56000,55000,12993228
2019.12.30,55800,하락  700,56200,56600,55700,8356767
2019.12.27,56500,"상승  1,100",55700,56900,55500,12313056
2019.12.26,55400,상승  400,54700,55400,54400,9645034
2019.12.24,55000,하락  500,55600,55700,54800,11868463
2019.12.23,55500,하락  500,56100,56400,55100,9839252
2019.12.20,56000,보합0,56100,56500,55600,12095519
2019.12.19,56000,하락  300,57000,57300,55500,14180520
